adam = Adam Roach <adam@nostrum.com>
adamr = Adam Roach <adam@nostrum.com>
alan = Alan Hawrylyshen <ahawrylyshen@polyphase.ca>
arosenberg = Aron Rosenberg <aron_rosenberg@logitech.com>
bandersson = Björn Andersson <bjorn.andersson@aastra.com>
bbramwel = Bob Bramwell <bob@jasomi.com>
bcampen = Byron Campen <docfaraday@gmail.com>
bko = Bryan Ogawa <bko@cisco.com>
bob = Bob Andreasen <bandreasen@pingtel.com>
brocha = Brocha Strous <Brocha.Strous@xconnect.co.il>
bryan = David Bryan <bryan@ethernot.org>
cusurelu = Catalin Usurelu <catalin.usurelu5@gmail.com>
Cusurelu = Catalin Usurelu <catalin.usurelu5@gmail.com>
cbond = Chris Bond <chris@counterpath.org>
cisco = Francisco Hong <cisco@counterpath.com>
cktam = Cheung Tam <cheung.tam@teltel.com>
dabryan = David Bryan <bryan@ethernot.org>
daniel = Daniel Shi <daniel@xten.com>
danweber = Dan Weber <dan@marketsoup.com>
Danweber = Dan Weber <dan@marketsoup.com>
davidb = David Bryan <bryan@ethernot.org>
dbozzali = Dario Bozzali <Dario.Bozzali@ifmgroup.it>
ddinu = Dragos Dinu <dragos.dinu9@gmail.com>
Ddinu = Dragos Dinu <dragos.dinu9@gmail.com>
dean = <dean@resiprocate.org>
derek = Derek MacDonald <derek.macdonald@gmail.com>
Derek = Derek MacDonald <derek.macdonald@gmail.com>
derekm = Derek MacDonald <derek.macdonald@gmail.com>
dlb = David Butcher <davidlbutcher@gmail.com>
dpetrie = Dan Petrie <dpetrie@sipez.com>
dpocock = Daniel Pocock <daniel@pocock.com.au>
Dpocock = Daniel Pocock <daniel@pocock.com.au>
dragos = Dragos Liciu <dragos@counterpath.com>
Dstuart = David Stuart <dstuart@counterpath.com>
dsuh = David Suh <dsuhpublic@gmail.com>
dtacalau = Daniel Tacalau <dtacalau@ezuce.com>
duanestorey = Duane Storey <duanestorey@gmail.com>
dworley = Dale Worley <dworley@pingtel.com>
ekr = Eric Rescorla <ekr@rtfm.com>
emcmurry = Eric McMurry <emcmurry@estacado.net>
fjoanis = Francis Joanis <francis.joanis@gmail.com>
fluffy = Cullen Jennings <fluffy@cisco.com>
greg = Greg McGarry <greg@xten.com>
ipse = Alexander Chemeris <alexander.chemeris@gmail.com>
jason = Jason Fischl <jason.fischl@gmail.com>
jdeverick = Jim Deverick <jdeverick@sipeerior.com>
jgeras = Jeremy Geras <jgeras@newheights.com>
jmatthewsr = Justin Matthews <jmatthewsr@gmail.com>
jozsef = Jozsef Vass <jozsef@counterpath.com>
jryan = James Ryan <jryan@icescape.com>
kchmilar = Kevin Chmilar <kchmilar@jasomi.com>
kdc = <kdc@resiprocate.org>
kenho = Ken Ho <ken@fsfoundry.org>
ken = <ken@resiprocate.org>
kittlitz = Ken Kittlitz <ken@jasomi.com>
kwhite = Kennard White <Kennard_White@logitech.com>
lowekamp = Bruce Lowekamp <bbl@lowekamp.net>
matthias = Matthias Granberry <matthias@estacado.net>
maxb = Max Bowsher <maxb@f2s.com>
mfroman = Michael Froman <mfroman@estacado.net>
mmotoyam = mmotoyam <mmotoyam@cisco.com>
moetje = Matthias Moetje <moetje@terasens.com>
nagendra = Nagendra Modadugu <nagendra@cs.stanford.edu>
nash = Nash Tsai <nash.teltel@gmail.com>
nils = Nils Ohlmeier <nils@iptel.org>
(no author) = <no_author@resiprocate.org>
oej = Olle Johansson <oej@edvina.net>
partim = Martin Hoffmann <hn@nvnc.de>
pckizer = Philip Kizer <pckizer@estacado.net>
philcarey = Phillip Carey <phillip.carey@teltel.com>
rjsparks = Robert Sparks <rjsparks@nostrum.com>
rohan = Rohan Mahy <rohan@ekabal.com>
ronh = Ron Hough <hough.ron@gmail.com>
Ruslan = Ruslan Radvansky <prostoruslan@gmail.com>
rwaters = Ryan Waters <rwaters@counterpath.com>
ryker = Ryan Kereliuk <ryker@ryker.org>
sailesh = Sailesh Agrawal <sailesh@xten.com>
satluri = Sudheera Atluri <sudheera.atluri@teltel.com>
schanin = Steve Chanin <Schanin@sapient.com>
sgodin = Scott Godin <sgodin@sipspectrum.com>
shaun = Shaun Dawson <scdawson@gmail.com>
troll = Alex Curlio <alex@counterpath.com>
unknown = <unknown@resiprocate.org>
vann = Van Nguyen <vann@counterpath.com>
veer = <veer@resiprocate.org>
vinit = Vinit Karandikar <vinit@estacado.net>
wensong = Wensong Zhang <wensong@purplecomm.com>
xmlscott = Scott Lawrence <slawrence@pingtel.com>
